{
  "Update (Put)" : {
    "transaction" : "Update (Put)",
    "sampleCount" : 30,
    "errorCount" : 0,
    "errorPct" : 0.0,
    "meanResTime" : 495.3999999999999,
    "medianResTime" : 484.5,
    "minResTime" : 446.0,
    "maxResTime" : 622.0,
    "pct1ResTime" : 546.7,
    "pct2ResTime" : 593.4,
    "pct3ResTime" : 622.0,
    "throughput" : 2.8904518739762985,
    "receivedKBytesPerSec" : 2.507504636766548,
    "sentKBytesPerSec" : 0.6605134165141151
  },
  "Register successful (Post)" : {
    "transaction" : "Register successful (Post)",
    "sampleCount" : 30,
    "errorCount" : 0,
    "errorPct" : 0.0,
    "meanResTime" : 489.9333333333333,
    "medianResTime" : 492.0,
    "minResTime" : 453.0,
    "maxResTime" : 548.0,
    "pct1ResTime" : 517.8,
    "pct2ResTime" : 536.4499999999999,
    "pct3ResTime" : 548.0,
    "throughput" : 2.936282666144661,
    "receivedKBytesPerSec" : 2.419374571792111,
    "sentKBytesPerSec" : 0.7025285675834393
  },
  "List User (Get)" : {
    "transaction" : "List User (Get)",
    "sampleCount" : 30,
    "errorCount" : 0,
    "errorPct" : 0.0,
    "meanResTime" : 9611.699999999997,
    "medianResTime" : 9537.5,
    "minResTime" : 4941.0,
    "maxResTime" : 15126.0,
    "pct1ResTime" : 13915.5,
    "pct2ResTime" : 14729.449999999999,
    "pct3ResTime" : 15126.0,
    "throughput" : 1.9269060312158777,
    "receivedKBytesPerSec" : 3.57694477005588,
    "sentKBytesPerSec" : 0.30484255571969937
  },
  "Single User (Get)" : {
    "transaction" : "Single User (Get)",
    "sampleCount" : 30,
    "errorCount" : 0,
    "errorPct" : 0.0,
    "meanResTime" : 137.46666666666667,
    "medianResTime" : 130.0,
    "minResTime" : 101.0,
    "maxResTime" : 221.0,
    "pct1ResTime" : 176.20000000000002,
    "pct2ResTime" : 207.79999999999998,
    "pct3ResTime" : 221.0,
    "throughput" : 3.096614368290669,
    "receivedKBytesPerSec" : 3.4743166481729975,
    "sentKBytesPerSec" : 0.47477388263831544
  },
  "Delayed Response (Get)" : {
    "transaction" : "Delayed Response (Get)",
    "sampleCount" : 30,
    "errorCount" : 0,
    "errorPct" : 0.0,
    "meanResTime" : 3515.2,
    "medianResTime" : 3490.5,
    "minResTime" : 3452.0,
    "maxResTime" : 3660.0,
    "pct1ResTime" : 3619.3,
    "pct2ResTime" : 3644.05,
    "pct3ResTime" : 3660.0,
    "throughput" : 2.2148394241417497,
    "receivedKBytesPerSec" : 3.907547757475083,
    "sentKBytesPerSec" : 0.3525574473975637
  },
  "Single resource (Get)" : {
    "transaction" : "Single resource (Get)",
    "sampleCount" : 30,
    "errorCount" : 0,
    "errorPct" : 0.0,
    "meanResTime" : 136.53333333333336,
    "medianResTime" : 130.5,
    "minResTime" : 98.0,
    "maxResTime" : 193.0,
    "pct1ResTime" : 167.8,
    "pct2ResTime" : 191.9,
    "pct3ResTime" : 193.0,
    "throughput" : 3.0918272699165206,
    "receivedKBytesPerSec" : 3.322204633876121,
    "sentKBytesPerSec" : 0.48007864835617853
  },
  "Total" : {
    "transaction" : "Total",
    "sampleCount" : 330,
    "errorCount" : 0,
    "errorPct" : 0.0,
    "meanResTime" : 1503.5484848484853,
    "medianResTime" : 481.5,
    "minResTime" : 98.0,
    "maxResTime" : 15126.0,
    "pct1ResTime" : 3619.3,
    "pct2ResTime" : 9204.449999999997,
    "pct3ResTime" : 13901.85,
    "throughput" : 14.293758392168753,
    "receivedKBytesPerSec" : 16.056240728007104,
    "sentKBytesPerSec" : 2.746066509290943
  },
  "Create (Post)" : {
    "transaction" : "Create (Post)",
    "sampleCount" : 30,
    "errorCount" : 0,
    "errorPct" : 0.0,
    "meanResTime" : 527.4000000000001,
    "medianResTime" : 499.0,
    "minResTime" : 453.0,
    "maxResTime" : 1467.0,
    "pct1ResTime" : 529.2,
    "pct2ResTime" : 952.7499999999993,
    "pct3ResTime" : 1467.0,
    "throughput" : 2.887947631882942,
    "receivedKBytesPerSec" : 2.531936639632268,
    "sentKBytesPerSec" : 0.6373790671929149
  },
  "DELETE (Delete)" : {
    "transaction" : "DELETE (Delete)",
    "sampleCount" : 30,
    "errorCount" : 0,
    "errorPct" : 0.0,
    "meanResTime" : 485.3333333333333,
    "medianResTime" : 478.5,
    "minResTime" : 443.0,
    "maxResTime" : 549.0,
    "pct1ResTime" : 530.9,
    "pct2ResTime" : 545.15,
    "pct3ResTime" : 549.0,
    "throughput" : 2.932264685758968,
    "receivedKBytesPerSec" : 2.1951895586941648,
    "sentKBytesPerSec" : 0.5125736120613821
  },
  "Update (Patch)" : {
    "transaction" : "Update (Patch)",
    "sampleCount" : 30,
    "errorCount" : 0,
    "errorPct" : 0.0,
    "meanResTime" : 497.6,
    "medianResTime" : 489.0,
    "minResTime" : 457.0,
    "maxResTime" : 584.0,
    "pct1ResTime" : 552.8000000000001,
    "pct2ResTime" : 582.9,
    "pct3ResTime" : 584.0,
    "throughput" : 2.9279718914698423,
    "receivedKBytesPerSec" : 2.541388102674214,
    "sentKBytesPerSec" : 0.6748060218621901
  },
  "login Successful (Post)" : {
    "transaction" : "login Successful (Post)",
    "sampleCount" : 30,
    "errorCount" : 0,
    "errorPct" : 0.0,
    "meanResTime" : 501.33333333333337,
    "medianResTime" : 484.5,
    "minResTime" : 453.0,
    "maxResTime" : 669.0,
    "pct1ResTime" : 588.4,
    "pct2ResTime" : 626.0999999999999,
    "pct3ResTime" : 669.0,
    "throughput" : 2.889338341519792,
    "receivedKBytesPerSec" : 2.362636039680247,
    "sentKBytesPerSec" : 0.6941183906385439
  },
  "List <Resource> (Get)" : {
    "transaction" : "List <Resource> (Get)",
    "sampleCount" : 30,
    "errorCount" : 0,
    "errorPct" : 0.0,
    "meanResTime" : 141.13333333333335,
    "medianResTime" : 138.5,
    "minResTime" : 101.0,
    "maxResTime" : 197.0,
    "pct1ResTime" : 188.50000000000003,
    "pct2ResTime" : 196.45,
    "pct3ResTime" : 197.0,
    "throughput" : 3.0921459492888066,
    "receivedKBytesPerSec" : 4.751959969593898,
    "sentKBytesPerSec" : 0.47408878324056897
  }
}